,Images
0,Images/RGB-PanSharpen_AOI_3_Paris_img1822.tif
1,Images/RGB-PanSharpen_AOI_3_Paris_img280.tif
2,Images/RGB-PanSharpen_AOI_3_Paris_img202.tif
3,Images/RGB-PanSharpen_AOI_3_Paris_img185.tif
4,Images/RGB-PanSharpen_AOI_3_Paris_img748.tif
5,Images/RGB-PanSharpen_AOI_3_Paris_img1640.tif
6,Images/RGB-PanSharpen_AOI_3_Paris_img1735.tif
7,Images/RGB-PanSharpen_AOI_3_Paris_img1274.tif
8,Images/RGB-PanSharpen_AOI_3_Paris_img924.tif
9,Images/RGB-PanSharpen_AOI_3_Paris_img1499.tif
10,Images/RGB-PanSharpen_AOI_3_Paris_img734.tif
11,Images/RGB-PanSharpen_AOI_3_Paris_img245.tif
12,Images/RGB-PanSharpen_AOI_3_Paris_img867.tif
13,Images/RGB-PanSharpen_AOI_3_Paris_img735.tif
14,Images/RGB-PanSharpen_AOI_3_Paris_img1057.tif
15,Images/RGB-PanSharpen_AOI_3_Paris_img234.tif
16,Images/RGB-PanSharpen_AOI_3_Paris_img219.tif
17,Images/RGB-PanSharpen_AOI_3_Paris_img1082.tif
18,Images/RGB-PanSharpen_AOI_3_Paris_img511.tif
19,Images/RGB-PanSharpen_AOI_3_Paris_img1691.tif
20,Images/RGB-PanSharpen_AOI_3_Paris_img1086.tif
21,Images/RGB-PanSharpen_AOI_3_Paris_img1608.tif
22,Images/RGB-PanSharpen_AOI_3_Paris_img1225.tif
23,Images/RGB-PanSharpen_AOI_3_Paris_img1770.tif
24,Images/RGB-PanSharpen_AOI_3_Paris_img788.tif
25,Images/RGB-PanSharpen_AOI_3_Paris_img260.tif
26,Images/RGB-PanSharpen_AOI_3_Paris_img1906.tif
27,Images/RGB-PanSharpen_AOI_3_Paris_img857.tif
28,Images/RGB-PanSharpen_AOI_3_Paris_img791.tif
29,Images/RGB-PanSharpen_AOI_3_Paris_img1693.tif
30,Images/RGB-PanSharpen_AOI_3_Paris_img838.tif
31,Images/RGB-PanSharpen_AOI_3_Paris_img545.tif
32,Images/RGB-PanSharpen_AOI_3_Paris_img725.tif
33,Images/RGB-PanSharpen_AOI_3_Paris_img1022.tif
34,Images/RGB-PanSharpen_AOI_3_Paris_img652.tif
35,Images/RGB-PanSharpen_AOI_3_Paris_img431.tif
36,Images/RGB-PanSharpen_AOI_3_Paris_img870.tif
37,Images/RGB-PanSharpen_AOI_3_Paris_img359.tif
38,Images/RGB-PanSharpen_AOI_3_Paris_img1176.tif
39,Images/RGB-PanSharpen_AOI_3_Paris_img873.tif
40,Images/RGB-PanSharpen_AOI_3_Paris_img1049.tif
41,Images/RGB-PanSharpen_AOI_3_Paris_img480.tif
42,Images/RGB-PanSharpen_AOI_3_Paris_img546.tif
43,Images/RGB-PanSharpen_AOI_3_Paris_img1689.tif
44,Images/RGB-PanSharpen_AOI_3_Paris_img774.tif
45,Images/RGB-PanSharpen_AOI_3_Paris_img724.tif
46,Images/RGB-PanSharpen_AOI_3_Paris_img1855.tif
47,Images/RGB-PanSharpen_AOI_3_Paris_img1547.tif
48,Images/RGB-PanSharpen_AOI_3_Paris_img1540.tif
49,Images/RGB-PanSharpen_AOI_3_Paris_img90.tif
50,Images/RGB-PanSharpen_AOI_3_Paris_img1354.tif
51,Images/RGB-PanSharpen_AOI_3_Paris_img1907.tif
52,Images/RGB-PanSharpen_AOI_3_Paris_img1226.tif
53,Images/RGB-PanSharpen_AOI_3_Paris_img123.tif
54,Images/RGB-PanSharpen_AOI_3_Paris_img1263.tif
55,Images/RGB-PanSharpen_AOI_3_Paris_img1464.tif
56,Images/RGB-PanSharpen_AOI_3_Paris_img1553.tif
57,Images/RGB-PanSharpen_AOI_3_Paris_img1773.tif
58,Images/RGB-PanSharpen_AOI_3_Paris_img1417.tif
59,Images/RGB-PanSharpen_AOI_3_Paris_img613.tif
60,Images/RGB-PanSharpen_AOI_3_Paris_img516.tif
61,Images/RGB-PanSharpen_AOI_3_Paris_img277.tif
62,Images/RGB-PanSharpen_AOI_3_Paris_img1775.tif
63,Images/RGB-PanSharpen_AOI_3_Paris_img517.tif
64,Images/RGB-PanSharpen_AOI_3_Paris_img1017.tif
65,Images/RGB-PanSharpen_AOI_3_Paris_img958.tif
66,Images/RGB-PanSharpen_AOI_3_Paris_img1277.tif
67,Images/RGB-PanSharpen_AOI_3_Paris_img1779.tif
68,Images/RGB-PanSharpen_AOI_3_Paris_img1089.tif
69,Images/RGB-PanSharpen_AOI_3_Paris_img674.tif
70,Images/RGB-PanSharpen_AOI_3_Paris_img300.tif
71,Images/RGB-PanSharpen_AOI_3_Paris_img1764.tif
72,Images/RGB-PanSharpen_AOI_3_Paris_img955.tif
73,Images/RGB-PanSharpen_AOI_3_Paris_img1893.tif
74,Images/RGB-PanSharpen_AOI_3_Paris_img1147.tif
75,Images/RGB-PanSharpen_AOI_3_Paris_img608.tif
76,Images/RGB-PanSharpen_AOI_3_Paris_img691.tif
77,Images/RGB-PanSharpen_AOI_3_Paris_img1125.tif
78,Images/RGB-PanSharpen_AOI_3_Paris_img1558.tif
79,Images/RGB-PanSharpen_AOI_3_Paris_img951.tif
80,Images/RGB-PanSharpen_AOI_3_Paris_img1784.tif
81,Images/RGB-PanSharpen_AOI_3_Paris_img197.tif
82,Images/RGB-PanSharpen_AOI_3_Paris_img512.tif
83,Images/RGB-PanSharpen_AOI_3_Paris_img871.tif
84,Images/RGB-PanSharpen_AOI_3_Paris_img600.tif
85,Images/RGB-PanSharpen_AOI_3_Paris_img773.tif
86,Images/RGB-PanSharpen_AOI_3_Paris_img859.tif
87,Images/RGB-PanSharpen_AOI_3_Paris_img357.tif
88,Images/RGB-PanSharpen_AOI_3_Paris_img242.tif
89,Images/RGB-PanSharpen_AOI_3_Paris_img472.tif
90,Images/RGB-PanSharpen_AOI_3_Paris_img1008.tif
91,Images/RGB-PanSharpen_AOI_3_Paris_img1459.tif
92,Images/RGB-PanSharpen_AOI_3_Paris_img520.tif
93,Images/RGB-PanSharpen_AOI_3_Paris_img471.tif
94,Images/RGB-PanSharpen_AOI_3_Paris_img1601.tif
95,Images/RGB-PanSharpen_AOI_3_Paris_img1280.tif
96,Images/RGB-PanSharpen_AOI_3_Paris_img654.tif
97,Images/RGB-PanSharpen_AOI_3_Paris_img999.tif
98,Images/RGB-PanSharpen_AOI_3_Paris_img602.tif
99,Images/RGB-PanSharpen_AOI_3_Paris_img1767.tif
100,Images/RGB-PanSharpen_AOI_3_Paris_img43.tif
101,Images/RGB-PanSharpen_AOI_3_Paris_img254.tif
102,Images/RGB-PanSharpen_AOI_3_Paris_img1725.tif
103,Images/RGB-PanSharpen_AOI_3_Paris_img1828.tif
104,Images/RGB-PanSharpen_AOI_3_Paris_img743.tif
105,Images/RGB-PanSharpen_AOI_3_Paris_img1016.tif
106,Images/RGB-PanSharpen_AOI_3_Paris_img168.tif
107,Images/RGB-PanSharpen_AOI_3_Paris_img786.tif
108,Images/RGB-PanSharpen_AOI_3_Paris_img1311.tif
109,Images/RGB-PanSharpen_AOI_3_Paris_img1223.tif
110,Images/RGB-PanSharpen_AOI_3_Paris_img1059.tif
111,Images/RGB-PanSharpen_AOI_3_Paris_img589.tif
112,Images/RGB-PanSharpen_AOI_3_Paris_img118.tif
113,Images/RGB-PanSharpen_AOI_3_Paris_img637.tif
114,Images/RGB-PanSharpen_AOI_3_Paris_img1692.tif
115,Images/RGB-PanSharpen_AOI_3_Paris_img1809.tif
116,Images/RGB-PanSharpen_AOI_3_Paris_img220.tif
117,Images/RGB-PanSharpen_AOI_3_Paris_img214.tif
118,Images/RGB-PanSharpen_AOI_3_Paris_img913.tif
119,Images/RGB-PanSharpen_AOI_3_Paris_img789.tif
120,Images/RGB-PanSharpen_AOI_3_Paris_img1766.tif
121,Images/RGB-PanSharpen_AOI_3_Paris_img1324.tif
122,Images/RGB-PanSharpen_AOI_3_Paris_img1373.tif
123,Images/RGB-PanSharpen_AOI_3_Paris_img866.tif
124,Images/RGB-PanSharpen_AOI_3_Paris_img162.tif
125,Images/RGB-PanSharpen_AOI_3_Paris_img20.tif
126,Images/RGB-PanSharpen_AOI_3_Paris_img518.tif
127,Images/RGB-PanSharpen_AOI_3_Paris_img444.tif
128,Images/RGB-PanSharpen_AOI_3_Paris_img827.tif
129,Images/RGB-PanSharpen_AOI_3_Paris_img876.tif
130,Images/RGB-PanSharpen_AOI_3_Paris_img411.tif
131,Images/RGB-PanSharpen_AOI_3_Paris_img730.tif
132,Images/RGB-PanSharpen_AOI_3_Paris_img783.tif
133,Images/RGB-PanSharpen_AOI_3_Paris_img1400.tif
134,Images/RGB-PanSharpen_AOI_3_Paris_img1796.tif
135,Images/RGB-PanSharpen_AOI_3_Paris_img746.tif
136,Images/RGB-PanSharpen_AOI_3_Paris_img205.tif
137,Images/RGB-PanSharpen_AOI_3_Paris_img1322.tif
138,Images/RGB-PanSharpen_AOI_3_Paris_img1869.tif
139,Images/RGB-PanSharpen_AOI_3_Paris_img135.tif
140,Images/RGB-PanSharpen_AOI_3_Paris_img1266.tif
141,Images/RGB-PanSharpen_AOI_3_Paris_img1555.tif
142,Images/RGB-PanSharpen_AOI_3_Paris_img1696.tif
143,Images/RGB-PanSharpen_AOI_3_Paris_img372.tif
144,Images/RGB-PanSharpen_AOI_3_Paris_img555.tif
145,Images/RGB-PanSharpen_AOI_3_Paris_img1685.tif
146,Images/RGB-PanSharpen_AOI_3_Paris_img551.tif
147,Images/RGB-PanSharpen_AOI_3_Paris_img821.tif
148,Images/RGB-PanSharpen_AOI_3_Paris_img283.tif
149,Images/RGB-PanSharpen_AOI_3_Paris_img1603.tif
150,Images/RGB-PanSharpen_AOI_3_Paris_img178.tif
151,Images/RGB-PanSharpen_AOI_3_Paris_img839.tif
152,Images/RGB-PanSharpen_AOI_3_Paris_img1556.tif
153,Images/RGB-PanSharpen_AOI_3_Paris_img653.tif
154,Images/RGB-PanSharpen_AOI_3_Paris_img696.tif
155,Images/RGB-PanSharpen_AOI_3_Paris_img1643.tif
156,Images/RGB-PanSharpen_AOI_3_Paris_img1235.tif
157,Images/RGB-PanSharpen_AOI_3_Paris_img1551.tif
158,Images/RGB-PanSharpen_AOI_3_Paris_img1312.tif
159,Images/RGB-PanSharpen_AOI_3_Paris_img146.tif
160,Images/RGB-PanSharpen_AOI_3_Paris_img1415.tif
161,Images/RGB-PanSharpen_AOI_3_Paris_img122.tif
162,Images/RGB-PanSharpen_AOI_3_Paris_img736.tif
163,Images/RGB-PanSharpen_AOI_3_Paris_img1130.tif
164,Images/RGB-PanSharpen_AOI_3_Paris_img1270.tif
165,Images/RGB-PanSharpen_AOI_3_Paris_img139.tif
166,Images/RGB-PanSharpen_AOI_3_Paris_img392.tif
167,Images/RGB-PanSharpen_AOI_3_Paris_img158.tif
168,Images/RGB-PanSharpen_AOI_3_Paris_img1461.tif
169,Images/RGB-PanSharpen_AOI_3_Paris_img343.tif
170,Images/RGB-PanSharpen_AOI_3_Paris_img358.tif
171,Images/RGB-PanSharpen_AOI_3_Paris_img1854.tif
172,Images/RGB-PanSharpen_AOI_3_Paris_img685.tif
173,Images/RGB-PanSharpen_AOI_3_Paris_img102.tif
174,Images/RGB-PanSharpen_AOI_3_Paris_img228.tif
175,Images/RGB-PanSharpen_AOI_3_Paris_img1546.tif
176,Images/RGB-PanSharpen_AOI_3_Paris_img1636.tif
177,Images/RGB-PanSharpen_AOI_3_Paris_img211.tif
178,Images/RGB-PanSharpen_AOI_3_Paris_img107.tif
179,Images/RGB-PanSharpen_AOI_3_Paris_img165.tif
180,Images/RGB-PanSharpen_AOI_3_Paris_img452.tif
181,Images/RGB-PanSharpen_AOI_3_Paris_img1048.tif
182,Images/RGB-PanSharpen_AOI_3_Paris_img125.tif
183,Images/RGB-PanSharpen_AOI_3_Paris_img252.tif
184,Images/RGB-PanSharpen_AOI_3_Paris_img485.tif
185,Images/RGB-PanSharpen_AOI_3_Paris_img1651.tif
186,Images/RGB-PanSharpen_AOI_3_Paris_img678.tif
187,Images/RGB-PanSharpen_AOI_3_Paris_img1460.tif
188,Images/RGB-PanSharpen_AOI_3_Paris_img443.tif
189,Images/RGB-PanSharpen_AOI_3_Paris_img1560.tif
190,Images/RGB-PanSharpen_AOI_3_Paris_img510.tif
191,Images/RGB-PanSharpen_AOI_3_Paris_img1359.tif
192,Images/RGB-PanSharpen_AOI_3_Paris_img1724.tif
193,Images/RGB-PanSharpen_AOI_3_Paris_img1170.tif
194,Images/RGB-PanSharpen_AOI_3_Paris_img825.tif
195,Images/RGB-PanSharpen_AOI_3_Paris_img507.tif
196,Images/RGB-PanSharpen_AOI_3_Paris_img482.tif
197,Images/RGB-PanSharpen_AOI_3_Paris_img1187.tif
198,Images/RGB-PanSharpen_AOI_3_Paris_img822.tif
199,Images/RGB-PanSharpen_AOI_3_Paris_img115.tif
200,Images/RGB-PanSharpen_AOI_3_Paris_img905.tif
201,Images/RGB-PanSharpen_AOI_3_Paris_img1405.tif
202,Images/RGB-PanSharpen_AOI_3_Paris_img240.tif
203,Images/RGB-PanSharpen_AOI_3_Paris_img648.tif
204,Images/RGB-PanSharpen_AOI_3_Paris_img353.tif
205,Images/RGB-PanSharpen_AOI_3_Paris_img1836.tif
206,Images/RGB-PanSharpen_AOI_3_Paris_img28.tif
207,Images/RGB-PanSharpen_AOI_3_Paris_img299.tif
208,Images/RGB-PanSharpen_AOI_3_Paris_img1149.tif
209,Images/RGB-PanSharpen_AOI_3_Paris_img1736.tif
210,Images/RGB-PanSharpen_AOI_3_Paris_img416.tif
211,Images/RGB-PanSharpen_AOI_3_Paris_img564.tif
212,Images/RGB-PanSharpen_AOI_3_Paris_img1676.tif
213,Images/RGB-PanSharpen_AOI_3_Paris_img1360.tif
214,Images/RGB-PanSharpen_AOI_3_Paris_img1091.tif
215,Images/RGB-PanSharpen_AOI_3_Paris_img1060.tif
216,Images/RGB-PanSharpen_AOI_3_Paris_img599.tif
217,Images/RGB-PanSharpen_AOI_3_Paris_img354.tif
218,Images/RGB-PanSharpen_AOI_3_Paris_img225.tif
219,Images/RGB-PanSharpen_AOI_3_Paris_img1772.tif
220,Images/RGB-PanSharpen_AOI_3_Paris_img1278.tif
221,Images/RGB-PanSharpen_AOI_3_Paris_img1495.tif
222,Images/RGB-PanSharpen_AOI_3_Paris_img727.tif
223,Images/RGB-PanSharpen_AOI_3_Paris_img412.tif
224,Images/RGB-PanSharpen_AOI_3_Paris_img605.tif
225,Images/RGB-PanSharpen_AOI_3_Paris_img733.tif
226,Images/RGB-PanSharpen_AOI_3_Paris_img1173.tif
227,Images/RGB-PanSharpen_AOI_3_Paris_img1824.tif
228,Images/RGB-PanSharpen_AOI_3_Paris_img137.tif
229,Images/RGB-PanSharpen_AOI_3_Paris_img157.tif
230,Images/RGB-PanSharpen_AOI_3_Paris_img1194.tif
231,Images/RGB-PanSharpen_AOI_3_Paris_img96.tif
232,Images/RGB-PanSharpen_AOI_3_Paris_img1630.tif
233,Images/RGB-PanSharpen_AOI_3_Paris_img561.tif
234,Images/RGB-PanSharpen_AOI_3_Paris_img1605.tif
235,Images/RGB-PanSharpen_AOI_3_Paris_img747.tif
236,Images/RGB-PanSharpen_AOI_3_Paris_img75.tif
237,Images/RGB-PanSharpen_AOI_3_Paris_img659.tif
238,Images/RGB-PanSharpen_AOI_3_Paris_img1140.tif
239,Images/RGB-PanSharpen_AOI_3_Paris_img478.tif
240,Images/RGB-PanSharpen_AOI_3_Paris_img1749.tif
241,Images/RGB-PanSharpen_AOI_3_Paris_img641.tif
242,Images/RGB-PanSharpen_AOI_3_Paris_img1331.tif
243,Images/RGB-PanSharpen_AOI_3_Paris_img604.tif
244,Images/RGB-PanSharpen_AOI_3_Paris_img954.tif
245,Images/RGB-PanSharpen_AOI_3_Paris_img1467.tif
246,Images/RGB-PanSharpen_AOI_3_Paris_img1780.tif
247,Images/RGB-PanSharpen_AOI_3_Paris_img1810.tif
248,Images/RGB-PanSharpen_AOI_3_Paris_img191.tif
249,Images/RGB-PanSharpen_AOI_3_Paris_img793.tif
250,Images/RGB-PanSharpen_AOI_3_Paris_img142.tif
251,Images/RGB-PanSharpen_AOI_3_Paris_img766.tif
252,Images/RGB-PanSharpen_AOI_3_Paris_img486.tif
253,Images/RGB-PanSharpen_AOI_3_Paris_img563.tif
254,Images/RGB-PanSharpen_AOI_3_Paris_img381.tif
255,Images/RGB-PanSharpen_AOI_3_Paris_img1402.tif
256,Images/RGB-PanSharpen_AOI_3_Paris_img1866.tif
257,Images/RGB-PanSharpen_AOI_3_Paris_img1041.tif
258,Images/RGB-PanSharpen_AOI_3_Paris_img186.tif
259,Images/RGB-PanSharpen_AOI_3_Paris_img738.tif
260,Images/RGB-PanSharpen_AOI_3_Paris_img1700.tif
261,Images/RGB-PanSharpen_AOI_3_Paris_img1007.tif
262,Images/RGB-PanSharpen_AOI_3_Paris_img749.tif
263,Images/RGB-PanSharpen_AOI_3_Paris_img723.tif
264,Images/RGB-PanSharpen_AOI_3_Paris_img1741.tif
265,Images/RGB-PanSharpen_AOI_3_Paris_img1610.tif
266,Images/RGB-PanSharpen_AOI_3_Paris_img642.tif
267,Images/RGB-PanSharpen_AOI_3_Paris_img100.tif
268,Images/RGB-PanSharpen_AOI_3_Paris_img1143.tif
269,Images/RGB-PanSharpen_AOI_3_Paris_img151.tif
270,Images/RGB-PanSharpen_AOI_3_Paris_img699.tif
271,Images/RGB-PanSharpen_AOI_3_Paris_img143.tif
272,Images/RGB-PanSharpen_AOI_3_Paris_img1457.tif
273,Images/RGB-PanSharpen_AOI_3_Paris_img1035.tif
274,Images/RGB-PanSharpen_AOI_3_Paris_img997.tif
275,Images/RGB-PanSharpen_AOI_3_Paris_img1102.tif
276,Images/RGB-PanSharpen_AOI_3_Paris_img110.tif
277,Images/RGB-PanSharpen_AOI_3_Paris_img109.tif
278,Images/RGB-PanSharpen_AOI_3_Paris_img1357.tif
279,Images/RGB-PanSharpen_AOI_3_Paris_img1308.tif
280,Images/RGB-PanSharpen_AOI_3_Paris_img1229.tif
281,Images/RGB-PanSharpen_AOI_3_Paris_img597.tif
282,Images/RGB-PanSharpen_AOI_3_Paris_img863.tif
283,Images/RGB-PanSharpen_AOI_3_Paris_img775.tif
284,Images/RGB-PanSharpen_AOI_3_Paris_img1596.tif
285,Images/RGB-PanSharpen_AOI_3_Paris_img959.tif
286,Images/RGB-PanSharpen_AOI_3_Paris_img445.tif
287,Images/RGB-PanSharpen_AOI_3_Paris_img631.tif
288,Images/RGB-PanSharpen_AOI_3_Paris_img1047.tif
289,Images/RGB-PanSharpen_AOI_3_Paris_img1273.tif
290,Images/RGB-PanSharpen_AOI_3_Paris_img1833.tif
291,Images/RGB-PanSharpen_AOI_3_Paris_img203.tif
292,Images/RGB-PanSharpen_AOI_3_Paris_img276.tif
293,Images/RGB-PanSharpen_AOI_3_Paris_img1509.tif
294,Images/RGB-PanSharpen_AOI_3_Paris_img136.tif
295,Images/RGB-PanSharpen_AOI_3_Paris_img1009.tif
296,Images/RGB-PanSharpen_AOI_3_Paris_img1825.tif
297,Images/RGB-PanSharpen_AOI_3_Paris_img258.tif
298,Images/RGB-PanSharpen_AOI_3_Paris_img554.tif
299,Images/RGB-PanSharpen_AOI_3_Paris_img204.tif
300,Images/RGB-PanSharpen_AOI_3_Paris_img634.tif
301,Images/RGB-PanSharpen_AOI_3_Paris_img778.tif
302,Images/RGB-PanSharpen_AOI_3_Paris_img1372.tif
303,Images/RGB-PanSharpen_AOI_3_Paris_img1182.tif
304,Images/RGB-PanSharpen_AOI_3_Paris_img837.tif
305,Images/RGB-PanSharpen_AOI_3_Paris_img1036.tif
306,Images/RGB-PanSharpen_AOI_3_Paris_img819.tif
307,Images/RGB-PanSharpen_AOI_3_Paris_img188.tif
308,Images/RGB-PanSharpen_AOI_3_Paris_img1831.tif
309,Images/RGB-PanSharpen_AOI_3_Paris_img966.tif
310,Images/RGB-PanSharpen_AOI_3_Paris_img687.tif
311,Images/RGB-PanSharpen_AOI_3_Paris_img741.tif
312,Images/RGB-PanSharpen_AOI_3_Paris_img679.tif
313,Images/RGB-PanSharpen_AOI_3_Paris_img384.tif
314,Images/RGB-PanSharpen_AOI_3_Paris_img1656.tif
315,Images/RGB-PanSharpen_AOI_3_Paris_img1455.tif
316,Images/RGB-PanSharpen_AOI_3_Paris_img1371.tif
317,Images/RGB-PanSharpen_AOI_3_Paris_img156.tif
318,Images/RGB-PanSharpen_AOI_3_Paris_img1462.tif
319,Images/RGB-PanSharpen_AOI_3_Paris_img1185.tif
320,Images/RGB-PanSharpen_AOI_3_Paris_img506.tif
321,Images/RGB-PanSharpen_AOI_3_Paris_img44.tif
322,Images/RGB-PanSharpen_AOI_3_Paris_img1420.tif
323,Images/RGB-PanSharpen_AOI_3_Paris_img914.tif
324,Images/RGB-PanSharpen_AOI_3_Paris_img594.tif
325,Images/RGB-PanSharpen_AOI_3_Paris_img1754.tif
326,Images/RGB-PanSharpen_AOI_3_Paris_img440.tif
327,Images/RGB-PanSharpen_AOI_3_Paris_img1124.tif
328,Images/RGB-PanSharpen_AOI_3_Paris_img391.tif
329,Images/RGB-PanSharpen_AOI_3_Paris_img1188.tif
330,Images/RGB-PanSharpen_AOI_3_Paris_img235.tif
331,Images/RGB-PanSharpen_AOI_3_Paris_img1733.tif
332,Images/RGB-PanSharpen_AOI_3_Paris_img1586.tif
333,Images/RGB-PanSharpen_AOI_3_Paris_img1679.tif
334,Images/RGB-PanSharpen_AOI_3_Paris_img113.tif
335,Images/RGB-PanSharpen_AOI_3_Paris_img78.tif
336,Images/RGB-PanSharpen_AOI_3_Paris_img1652.tif
337,Images/RGB-PanSharpen_AOI_3_Paris_img389.tif
338,Images/RGB-PanSharpen_AOI_3_Paris_img298.tif
339,Images/RGB-PanSharpen_AOI_3_Paris_img174.tif
340,Images/RGB-PanSharpen_AOI_3_Paris_img1362.tif
341,Images/RGB-PanSharpen_AOI_3_Paris_img69.tif
342,Images/RGB-PanSharpen_AOI_3_Paris_img1865.tif
343,Images/RGB-PanSharpen_AOI_3_Paris_img1404.tif
344,Images/RGB-PanSharpen_AOI_3_Paris_img385.tif
345,Images/RGB-PanSharpen_AOI_3_Paris_img1000.tif
346,Images/RGB-PanSharpen_AOI_3_Paris_img519.tif
347,Images/RGB-PanSharpen_AOI_3_Paris_img1181.tif
348,Images/RGB-PanSharpen_AOI_3_Paris_img26.tif
349,Images/RGB-PanSharpen_AOI_3_Paris_img614.tif
350,Images/RGB-PanSharpen_AOI_3_Paris_img292.tif
351,Images/RGB-PanSharpen_AOI_3_Paris_img649.tif
352,Images/RGB-PanSharpen_AOI_3_Paris_img1268.tif
353,Images/RGB-PanSharpen_AOI_3_Paris_img998.tif
354,Images/RGB-PanSharpen_AOI_3_Paris_img335.tif
355,Images/RGB-PanSharpen_AOI_3_Paris_img1327.tif
356,Images/RGB-PanSharpen_AOI_3_Paris_img1821.tif
357,Images/RGB-PanSharpen_AOI_3_Paris_img1762.tif
358,Images/RGB-PanSharpen_AOI_3_Paris_img1079.tif
359,Images/RGB-PanSharpen_AOI_3_Paris_img334.tif
360,Images/RGB-PanSharpen_AOI_3_Paris_img1826.tif
361,Images/RGB-PanSharpen_AOI_3_Paris_img1003.tif
362,Images/RGB-PanSharpen_AOI_3_Paris_img1686.tif
363,Images/RGB-PanSharpen_AOI_3_Paris_img1599.tif
364,Images/RGB-PanSharpen_AOI_3_Paris_img1541.tif
365,Images/RGB-PanSharpen_AOI_3_Paris_img1095.tif
366,Images/RGB-PanSharpen_AOI_3_Paris_img817.tif
367,Images/RGB-PanSharpen_AOI_3_Paris_img1588.tif
368,Images/RGB-PanSharpen_AOI_3_Paris_img241.tif
369,Images/RGB-PanSharpen_AOI_3_Paris_img1446.tif
370,Images/RGB-PanSharpen_AOI_3_Paris_img515.tif
371,Images/RGB-PanSharpen_AOI_3_Paris_img1456.tif
372,Images/RGB-PanSharpen_AOI_3_Paris_img792.tif
373,Images/RGB-PanSharpen_AOI_3_Paris_img1326.tif
374,Images/RGB-PanSharpen_AOI_3_Paris_img1081.tif
375,Images/RGB-PanSharpen_AOI_3_Paris_img1701.tif
376,Images/RGB-PanSharpen_AOI_3_Paris_img879.tif
377,Images/RGB-PanSharpen_AOI_3_Paris_img1043.tif
378,Images/RGB-PanSharpen_AOI_3_Paris_img875.tif
379,Images/RGB-PanSharpen_AOI_3_Paris_img173.tif
380,Images/RGB-PanSharpen_AOI_3_Paris_img1104.tif
381,Images/RGB-PanSharpen_AOI_3_Paris_img830.tif
382,Images/RGB-PanSharpen_AOI_3_Paris_img1232.tif
383,Images/RGB-PanSharpen_AOI_3_Paris_img650.tif
384,Images/RGB-PanSharpen_AOI_3_Paris_img1653.tif
385,Images/RGB-PanSharpen_AOI_3_Paris_img476.tif
386,Images/RGB-PanSharpen_AOI_3_Paris_img127.tif
387,Images/RGB-PanSharpen_AOI_3_Paris_img304.tif
388,Images/RGB-PanSharpen_AOI_3_Paris_img1820.tif
389,Images/RGB-PanSharpen_AOI_3_Paris_img1511.tif
390,Images/RGB-PanSharpen_AOI_3_Paris_img1179.tif
391,Images/RGB-PanSharpen_AOI_3_Paris_img200.tif
392,Images/RGB-PanSharpen_AOI_3_Paris_img306.tif
393,Images/RGB-PanSharpen_AOI_3_Paris_img636.tif
394,Images/RGB-PanSharpen_AOI_3_Paris_img595.tif
395,Images/RGB-PanSharpen_AOI_3_Paris_img166.tif
396,Images/RGB-PanSharpen_AOI_3_Paris_img1909.tif
397,Images/RGB-PanSharpen_AOI_3_Paris_img836.tif
398,Images/RGB-PanSharpen_AOI_3_Paris_img701.tif
399,Images/RGB-PanSharpen_AOI_3_Paris_img1597.tif
400,Images/RGB-PanSharpen_AOI_3_Paris_img1090.tif
401,Images/RGB-PanSharpen_AOI_3_Paris_img328.tif
402,Images/RGB-PanSharpen_AOI_3_Paris_img1103.tif
403,Images/RGB-PanSharpen_AOI_3_Paris_img1038.tif
404,Images/RGB-PanSharpen_AOI_3_Paris_img552.tif
405,Images/RGB-PanSharpen_AOI_3_Paris_img703.tif
406,Images/RGB-PanSharpen_AOI_3_Paris_img1408.tif
407,Images/RGB-PanSharpen_AOI_3_Paris_img390.tif
408,Images/RGB-PanSharpen_AOI_3_Paris_img629.tif
409,Images/RGB-PanSharpen_AOI_3_Paris_img1544.tif
410,Images/RGB-PanSharpen_AOI_3_Paris_img284.tif
411,Images/RGB-PanSharpen_AOI_3_Paris_img1218.tif
412,Images/RGB-PanSharpen_AOI_3_Paris_img657.tif
413,Images/RGB-PanSharpen_AOI_3_Paris_img1449.tif
414,Images/RGB-PanSharpen_AOI_3_Paris_img181.tif
415,Images/RGB-PanSharpen_AOI_3_Paris_img1174.tif
416,Images/RGB-PanSharpen_AOI_3_Paris_img862.tif
417,Images/RGB-PanSharpen_AOI_3_Paris_img1466.tif
418,Images/RGB-PanSharpen_AOI_3_Paris_img781.tif
419,Images/RGB-PanSharpen_AOI_3_Paris_img232.tif
420,Images/RGB-PanSharpen_AOI_3_Paris_img680.tif
421,Images/RGB-PanSharpen_AOI_3_Paris_img1276.tif
422,Images/RGB-PanSharpen_AOI_3_Paris_img1778.tif
423,Images/RGB-PanSharpen_AOI_3_Paris_img1750.tif
424,Images/RGB-PanSharpen_AOI_3_Paris_img27.tif
425,Images/RGB-PanSharpen_AOI_3_Paris_img1629.tif
426,Images/RGB-PanSharpen_AOI_3_Paris_img1040.tif
427,Images/RGB-PanSharpen_AOI_3_Paris_img1129.tif
428,Images/RGB-PanSharpen_AOI_3_Paris_img463.tif
429,Images/RGB-PanSharpen_AOI_3_Paris_img1416.tif
430,Images/RGB-PanSharpen_AOI_3_Paris_img1320.tif
431,Images/RGB-PanSharpen_AOI_3_Paris_img164.tif
432,Images/RGB-PanSharpen_AOI_3_Paris_img509.tif
433,Images/RGB-PanSharpen_AOI_3_Paris_img134.tif
434,Images/RGB-PanSharpen_AOI_3_Paris_img1506.tif
435,Images/RGB-PanSharpen_AOI_3_Paris_img344.tif
436,Images/RGB-PanSharpen_AOI_3_Paris_img953.tif
437,Images/RGB-PanSharpen_AOI_3_Paris_img250.tif
438,Images/RGB-PanSharpen_AOI_3_Paris_img128.tif
439,Images/RGB-PanSharpen_AOI_3_Paris_img864.tif
440,Images/RGB-PanSharpen_AOI_3_Paris_img1153.tif
441,Images/RGB-PanSharpen_AOI_3_Paris_img1011.tif
442,Images/RGB-PanSharpen_AOI_3_Paris_img1109.tif
443,Images/RGB-PanSharpen_AOI_3_Paris_img731.tif
444,Images/RGB-PanSharpen_AOI_3_Paris_img1050.tif
445,Images/RGB-PanSharpen_AOI_3_Paris_img387.tif
446,Images/RGB-PanSharpen_AOI_3_Paris_img813.tif
447,Images/RGB-PanSharpen_AOI_3_Paris_img464.tif
448,Images/RGB-PanSharpen_AOI_3_Paris_img1332.tif
449,Images/RGB-PanSharpen_AOI_3_Paris_img484.tif
450,Images/RGB-PanSharpen_AOI_3_Paris_img1239.tif
451,Images/RGB-PanSharpen_AOI_3_Paris_img1748.tif
452,Images/RGB-PanSharpen_AOI_3_Paris_img1716.tif
453,Images/RGB-PanSharpen_AOI_3_Paris_img193.tif
454,Images/RGB-PanSharpen_AOI_3_Paris_img356.tif
455,Images/RGB-PanSharpen_AOI_3_Paris_img160.tif
456,Images/RGB-PanSharpen_AOI_3_Paris_img1045.tif
457,Images/RGB-PanSharpen_AOI_3_Paris_img721.tif
458,Images/RGB-PanSharpen_AOI_3_Paris_img305.tif
459,Images/RGB-PanSharpen_AOI_3_Paris_img692.tif
460,Images/RGB-PanSharpen_AOI_3_Paris_img1592.tif
461,Images/RGB-PanSharpen_AOI_3_Paris_img1649.tif
462,Images/RGB-PanSharpen_AOI_3_Paris_img159.tif
463,Images/RGB-PanSharpen_AOI_3_Paris_img360.tif
464,Images/RGB-PanSharpen_AOI_3_Paris_img1450.tif
465,Images/RGB-PanSharpen_AOI_3_Paris_img865.tif
466,Images/RGB-PanSharpen_AOI_3_Paris_img216.tif
467,Images/RGB-PanSharpen_AOI_3_Paris_img182.tif
468,Images/RGB-PanSharpen_AOI_3_Paris_img1193.tif
469,Images/RGB-PanSharpen_AOI_3_Paris_img1593.tif
470,Images/RGB-PanSharpen_AOI_3_Paris_img1234.tif
471,Images/RGB-PanSharpen_AOI_3_Paris_img1755.tif
472,Images/RGB-PanSharpen_AOI_3_Paris_img1682.tif
473,Images/RGB-PanSharpen_AOI_3_Paris_img37.tif
474,Images/RGB-PanSharpen_AOI_3_Paris_img282.tif
475,Images/RGB-PanSharpen_AOI_3_Paris_img1587.tif
476,Images/RGB-PanSharpen_AOI_3_Paris_img1727.tif
477,Images/RGB-PanSharpen_AOI_3_Paris_img1142.tif
478,Images/RGB-PanSharpen_AOI_3_Paris_img1275.tif
479,Images/RGB-PanSharpen_AOI_3_Paris_img101.tif
480,Images/RGB-PanSharpen_AOI_3_Paris_img722.tif
481,Images/RGB-PanSharpen_AOI_3_Paris_img728.tif
482,Images/RGB-PanSharpen_AOI_3_Paris_img1314.tif
483,Images/RGB-PanSharpen_AOI_3_Paris_img1092.tif
484,Images/RGB-PanSharpen_AOI_3_Paris_img868.tif
485,Images/RGB-PanSharpen_AOI_3_Paris_img278.tif
486,Images/RGB-PanSharpen_AOI_3_Paris_img6.tif
487,Images/RGB-PanSharpen_AOI_3_Paris_img832.tif
488,Images/RGB-PanSharpen_AOI_3_Paris_img1136.tif
489,Images/RGB-PanSharpen_AOI_3_Paris_img921.tif
490,Images/RGB-PanSharpen_AOI_3_Paris_img1730.tif
491,Images/RGB-PanSharpen_AOI_3_Paris_img189.tif
492,Images/RGB-PanSharpen_AOI_3_Paris_img1633.tif
493,Images/RGB-PanSharpen_AOI_3_Paris_img317.tif
494,Images/RGB-PanSharpen_AOI_3_Paris_img362.tif
495,Images/RGB-PanSharpen_AOI_3_Paris_img229.tif
496,Images/RGB-PanSharpen_AOI_3_Paris_img449.tif
497,Images/RGB-PanSharpen_AOI_3_Paris_img1704.tif
498,Images/RGB-PanSharpen_AOI_3_Paris_img1868.tif
499,Images/RGB-PanSharpen_AOI_3_Paris_img824.tif
500,Images/RGB-PanSharpen_AOI_3_Paris_img1635.tif
501,Images/RGB-PanSharpen_AOI_3_Paris_img969.tif
502,Images/RGB-PanSharpen_AOI_3_Paris_img473.tif
503,Images/RGB-PanSharpen_AOI_3_Paris_img904.tif
504,Images/RGB-PanSharpen_AOI_3_Paris_img1146.tif
505,Images/RGB-PanSharpen_AOI_3_Paris_img410.tif
506,Images/RGB-PanSharpen_AOI_3_Paris_img155.tif
507,Images/RGB-PanSharpen_AOI_3_Paris_img1132.tif
508,Images/RGB-PanSharpen_AOI_3_Paris_img1867.tif
509,Images/RGB-PanSharpen_AOI_3_Paris_img1451.tif
510,Images/RGB-PanSharpen_AOI_3_Paris_img1001.tif
511,Images/RGB-PanSharpen_AOI_3_Paris_img103.tif
512,Images/RGB-PanSharpen_AOI_3_Paris_img1856.tif
513,Images/RGB-PanSharpen_AOI_3_Paris_img1137.tif
514,Images/RGB-PanSharpen_AOI_3_Paris_img1180.tif
515,Images/RGB-PanSharpen_AOI_3_Paris_img694.tif
516,Images/RGB-PanSharpen_AOI_3_Paris_img1719.tif
517,Images/RGB-PanSharpen_AOI_3_Paris_img303.tif
518,Images/RGB-PanSharpen_AOI_3_Paris_img99.tif
519,Images/RGB-PanSharpen_AOI_3_Paris_img1607.tif
520,Images/RGB-PanSharpen_AOI_3_Paris_img1776.tif
521,Images/RGB-PanSharpen_AOI_3_Paris_img925.tif
522,Images/RGB-PanSharpen_AOI_3_Paris_img1309.tif
523,Images/RGB-PanSharpen_AOI_3_Paris_img1645.tif
524,Images/RGB-PanSharpen_AOI_3_Paris_img785.tif
525,Images/RGB-PanSharpen_AOI_3_Paris_img1818.tif
526,Images/RGB-PanSharpen_AOI_3_Paris_img1644.tif
527,Images/RGB-PanSharpen_AOI_3_Paris_img1892.tif
528,Images/RGB-PanSharpen_AOI_3_Paris_img962.tif
529,Images/RGB-PanSharpen_AOI_3_Paris_img212.tif
530,Images/RGB-PanSharpen_AOI_3_Paris_img1230.tif
531,Images/RGB-PanSharpen_AOI_3_Paris_img1413.tif
532,Images/RGB-PanSharpen_AOI_3_Paris_img92.tif
533,Images/RGB-PanSharpen_AOI_3_Paris_img1012.tif
534,Images/RGB-PanSharpen_AOI_3_Paris_img816.tif
535,Images/RGB-PanSharpen_AOI_3_Paris_img1501.tif
536,Images/RGB-PanSharpen_AOI_3_Paris_img243.tif
537,Images/RGB-PanSharpen_AOI_3_Paris_img1687.tif
538,Images/RGB-PanSharpen_AOI_3_Paris_img154.tif
539,Images/RGB-PanSharpen_AOI_3_Paris_img820.tif
540,Images/RGB-PanSharpen_AOI_3_Paris_img1598.tif
541,Images/RGB-PanSharpen_AOI_3_Paris_img956.tif
542,Images/RGB-PanSharpen_AOI_3_Paris_img1330.tif
543,Images/RGB-PanSharpen_AOI_3_Paris_img332.tif
544,Images/RGB-PanSharpen_AOI_3_Paris_img909.tif
545,Images/RGB-PanSharpen_AOI_3_Paris_img742.tif
546,Images/RGB-PanSharpen_AOI_3_Paris_img38.tif
547,Images/RGB-PanSharpen_AOI_3_Paris_img1496.tif
548,Images/RGB-PanSharpen_AOI_3_Paris_img1562.tif
549,Images/RGB-PanSharpen_AOI_3_Paris_img697.tif
550,Images/RGB-PanSharpen_AOI_3_Paris_img230.tif
551,Images/RGB-PanSharpen_AOI_3_Paris_img689.tif
552,Images/RGB-PanSharpen_AOI_3_Paris_img1141.tif
553,Images/RGB-PanSharpen_AOI_3_Paris_img676.tif
554,Images/RGB-PanSharpen_AOI_3_Paris_img1265.tif
555,Images/RGB-PanSharpen_AOI_3_Paris_img1740.tif
556,Images/RGB-PanSharpen_AOI_3_Paris_img1684.tif
557,Images/RGB-PanSharpen_AOI_3_Paris_img1683.tif
558,Images/RGB-PanSharpen_AOI_3_Paris_img1052.tif
559,Images/RGB-PanSharpen_AOI_3_Paris_img918.tif
560,Images/RGB-PanSharpen_AOI_3_Paris_img121.tif
561,Images/RGB-PanSharpen_AOI_3_Paris_img1224.tif
562,Images/RGB-PanSharpen_AOI_3_Paris_img1013.tif
563,Images/RGB-PanSharpen_AOI_3_Paris_img85.tif
564,Images/RGB-PanSharpen_AOI_3_Paris_img34.tif
565,Images/RGB-PanSharpen_AOI_3_Paris_img217.tif
566,Images/RGB-PanSharpen_AOI_3_Paris_img971.tif
567,Images/RGB-PanSharpen_AOI_3_Paris_img690.tif
568,Images/RGB-PanSharpen_AOI_3_Paris_img651.tif
569,Images/RGB-PanSharpen_AOI_3_Paris_img961.tif
570,Images/RGB-PanSharpen_AOI_3_Paris_img1703.tif
571,Images/RGB-PanSharpen_AOI_3_Paris_img693.tif
572,Images/RGB-PanSharpen_AOI_3_Paris_img656.tif
573,Images/RGB-PanSharpen_AOI_3_Paris_img1648.tif
574,Images/RGB-PanSharpen_AOI_3_Paris_img720.tif
575,Images/RGB-PanSharpen_AOI_3_Paris_img1654.tif
576,Images/RGB-PanSharpen_AOI_3_Paris_img111.tif
577,Images/RGB-PanSharpen_AOI_3_Paris_img1595.tif
578,Images/RGB-PanSharpen_AOI_3_Paris_img86.tif
579,Images/RGB-PanSharpen_AOI_3_Paris_img302.tif
580,Images/RGB-PanSharpen_AOI_3_Paris_img815.tif
581,Images/RGB-PanSharpen_AOI_3_Paris_img1264.tif
582,Images/RGB-PanSharpen_AOI_3_Paris_img1219.tif
583,Images/RGB-PanSharpen_AOI_3_Paris_img923.tif
584,Images/RGB-PanSharpen_AOI_3_Paris_img1589.tif
585,Images/RGB-PanSharpen_AOI_3_Paris_img560.tif
586,Images/RGB-PanSharpen_AOI_3_Paris_img1414.tif
587,Images/RGB-PanSharpen_AOI_3_Paris_img1281.tif
588,Images/RGB-PanSharpen_AOI_3_Paris_img451.tif
589,Images/RGB-PanSharpen_AOI_3_Paris_img833.tif
590,Images/RGB-PanSharpen_AOI_3_Paris_img208.tif
591,Images/RGB-PanSharpen_AOI_3_Paris_img926.tif
592,Images/RGB-PanSharpen_AOI_3_Paris_img1093.tif
593,Images/RGB-PanSharpen_AOI_3_Paris_img474.tif
594,Images/RGB-PanSharpen_AOI_3_Paris_img196.tif
595,Images/RGB-PanSharpen_AOI_3_Paris_img1463.tif
596,Images/RGB-PanSharpen_AOI_3_Paris_img301.tif
597,Images/RGB-PanSharpen_AOI_3_Paris_img1318.tif
598,Images/RGB-PanSharpen_AOI_3_Paris_img209.tif
599,Images/RGB-PanSharpen_AOI_3_Paris_img1879.tif
600,Images/RGB-PanSharpen_AOI_3_Paris_img140.tif
601,Images/RGB-PanSharpen_AOI_3_Paris_img907.tif
602,Images/RGB-PanSharpen_AOI_3_Paris_img1175.tif
603,Images/RGB-PanSharpen_AOI_3_Paris_img418.tif
604,Images/RGB-PanSharpen_AOI_3_Paris_img1368.tif
605,Images/RGB-PanSharpen_AOI_3_Paris_img481.tif
606,Images/RGB-PanSharpen_AOI_3_Paris_img1184.tif
607,Images/RGB-PanSharpen_AOI_3_Paris_img124.tif
608,Images/RGB-PanSharpen_AOI_3_Paris_img767.tif
609,Images/RGB-PanSharpen_AOI_3_Paris_img183.tif
610,Images/RGB-PanSharpen_AOI_3_Paris_img780.tif
611,Images/RGB-PanSharpen_AOI_3_Paris_img133.tif
612,Images/RGB-PanSharpen_AOI_3_Paris_img1315.tif
613,Images/RGB-PanSharpen_AOI_3_Paris_img1647.tif
614,Images/RGB-PanSharpen_AOI_3_Paris_img1189.tif
615,Images/RGB-PanSharpen_AOI_3_Paris_img19.tif
616,Images/RGB-PanSharpen_AOI_3_Paris_img1889.tif
617,Images/RGB-PanSharpen_AOI_3_Paris_img1135.tif
618,Images/RGB-PanSharpen_AOI_3_Paris_img960.tif
619,Images/RGB-PanSharpen_AOI_3_Paris_img1410.tif
620,Images/RGB-PanSharpen_AOI_3_Paris_img1468.tif
621,Images/RGB-PanSharpen_AOI_3_Paris_img1010.tif
622,Images/RGB-PanSharpen_AOI_3_Paris_img163.tif
623,Images/RGB-PanSharpen_AOI_3_Paris_img215.tif
624,Images/RGB-PanSharpen_AOI_3_Paris_img1492.tif
625,Images/RGB-PanSharpen_AOI_3_Paris_img681.tif
626,Images/RGB-PanSharpen_AOI_3_Paris_img1807.tif
627,Images/RGB-PanSharpen_AOI_3_Paris_img1454.tif
628,Images/RGB-PanSharpen_AOI_3_Paris_img1379.tif
629,Images/RGB-PanSharpen_AOI_3_Paris_img638.tif
630,Images/RGB-PanSharpen_AOI_3_Paris_img643.tif
631,Images/RGB-PanSharpen_AOI_3_Paris_img794.tif
632,Images/RGB-PanSharpen_AOI_3_Paris_img1452.tif
